department,patients,encounters,avg_wait_minutes,avg_los_days,billed_amount,collected_amount,readmission_rate,collection_rate
Cardiology,6,6,21.833333333333332,2.0,252500,240000,0.16666666666666666,0.9504950495049505
Emergency,5,5,13.0,0.0,106000,102000,0.0,0.9622641509433962
General Medicine,6,6,33.333333333333336,1.0,104900,96200,0.3333333333333333,0.9170638703527169
Neurology,4,4,26.5,3.75,271000,246000,0.5,0.9077490774907749
Orthopedics,4,4,28.25,2.75,228500,210000,0.25,0.9190371991247265
Pediatrics,5,5,18.4,0.0,20200,20000,0.0,0.9900990099009901
