metric,value
Headcount,1200.0
Attrition Rate,0.13083333333333333
Average Income,85211.66666666667
Average Tenure,4.08
Engagement,72.08416666666666
Performance,3.472166666666667
