metric,value
Headcount,1200.0
Attrition Rate,0.14083333333333334
Average Income,86022.08333333333
Average Tenure,4.138333333333334
Engagement,72.3475
Performance,3.5033333333333334
