metric,value
Flights,1530.0
Passengers,236048.0
On-time performance,0.6895424836601307
Average delay,13.22875816993464
Load factor,0.8411336626567251
Average security wait,13.136143790849673
